role_id,model_type,model_id
1,App\User,1
3,App\User,6
3,App\User,7
3,App\User,8
3,App\User,18
3,App\User,120
3,App\User,137
3,App\User,141
3,App\User,142
3,App\User,145
3,App\User,151
3,App\User,152
3,App\User,155
3,App\User,213
3,App\User,226
3,App\User,241
3,App\User,268
3,App\User,283
3,App\User,299
3,App\User,344
3,App\User,348
3,App\User,364
3,App\User,370
3,App\User,432
3,App\User,456
3,App\User,467
3,App\User,490
3,App\User,492
3,App\User,520
3,App\User,670
3,App\User,700
3,App\User,703
3,App\User,806
3,App\User,807
3,App\User,883
3,App\User,949
3,App\User,978
3,App\User,1549
3,App\User,1628
3,App\User,1639
3,App\User,1641
3,App\User,1717
3,App\User,1851
3,App\User,1905
3,App\User,1929
3,App\User,1986
3,App\User,2515
3,App\User,2574
3,App\User,2617
3,App\User,2723
3,App\User,3087
3,App\User,3206
3,App\User,3414
3,App\User,3426
3,App\User,3440
3,App\User,3445
3,App\User,3543
3,App\User,3567
3,App\User,3576
3,App\User,3583
3,App\User,3817
3,App\User,3831
3,App\User,3960
3,App\User,3990
3,App\User,4004
3,App\User,4028
3,App\User,4130
3,App\User,4195
3,App\User,4231
3,App\User,4337
3,App\User,4345
3,App\User,4489
3,App\User,4778
3,App\User,4974
3,App\User,5027
3,App\User,5032
3,App\User,5066
3,App\User,5071
3,App\User,5077
3,App\User,5088
3,App\User,5105
3,App\User,5112
3,App\User,5121
3,App\User,5144
3,App\User,5163
3,App\User,5187
3,App\User,5273
3,App\User,5278
3,App\User,5308
3,App\User,5324
3,App\User,5326
3,App\User,5327
3,App\User,5332
3,App\User,5354
3,App\User,5358
3,App\User,5391
3,App\User,5399
3,App\User,5406
3,App\User,5416
3,App\User,5418
3,App\User,5420
3,App\User,5421
3,App\User,5422
3,App\User,5425
3,App\User,5429
3,App\User,5445
3,App\User,5453
3,App\User,5454
3,App\User,5455
3,App\User,5457
3,App\User,5470
3,App\User,5475
3,App\User,5493
3,App\User,5524
3,App\User,5538
3,App\User,5539
3,App\User,5577
3,App\User,5663
3,App\User,5724
3,App\User,5744
3,App\User,5745
3,App\User,5749
3,App\User,5755
3,App\User,5804
3,App\User,5812
3,App\User,5820
3,App\User,5901
3,App\User,5903
3,App\User,5963
3,App\User,5964
3,App\User,6099
3,App\User,6107
3,App\User,6128
3,App\User,6198
3,App\User,6203
3,App\User,6219
3,App\User,6241
3,App\User,6317
3,App\User,6739
3,App\User,6766
3,App\User,6782
3,App\User,6805
3,App\User,6848
3,App\User,6873
3,App\User,6875
3,App\User,6876
3,App\User,6877
3,App\User,6886
3,App\User,6937
3,App\User,6951
3,App\User,6952
3,App\User,6954
3,App\User,6955
3,App\User,6956
3,App\User,6976
3,App\User,6978
3,App\User,6979
3,App\User,6980
3,App\User,7121
3,App\User,7125
3,App\User,7181
3,App\User,7240
3,App\User,7296
3,App\User,7471
3,App\User,7688
3,App\User,7689
3,App\User,7718
3,App\User,7799
3,App\User,7915
3,App\User,8014
3,App\User,8015
3,App\User,8027
3,App\User,8063
3,App\User,8083
3,App\User,8095
3,App\User,8100
3,App\User,8198
3,App\User,8204
3,App\User,8304
3,App\User,8318
3,App\User,8332
3,App\User,8421
3,App\User,8613
3,App\User,8614
3,App\User,8616
3,App\User,8617
3,App\User,8623
3,App\User,8681
3,App\User,8765
3,App\User,8852
3,App\User,8889
3,App\User,9022
3,App\User,9033
3,App\User,9131
3,App\User,9307
3,App\User,9309
3,App\User,9315
3,App\User,9330
3,App\User,9347
3,App\User,9555
3,App\User,9596
3,App\User,9641
3,App\User,9779
3,App\User,9781
2,App\User,4
2,App\User,35
2,App\User,68
2,App\User,86
2,App\User,94
2,App\User,331
2,App\User,402
2,App\User,452
2,App\User,457
2,App\User,584
2,App\User,640
2,App\User,991
2,App\User,997
2,App\User,1178
2,App\User,1522
2,App\User,2013
2,App\User,2019
2,App\User,2090
2,App\User,2153
2,App\User,2188
2,App\User,2596
2,App\User,2599
2,App\User,3068
2,App\User,3085
2,App\User,3127
2,App\User,3258
2,App\User,3433
2,App\User,3487
2,App\User,3505
2,App\User,3542
2,App\User,3554
2,App\User,3586
2,App\User,3590
2,App\User,3618
2,App\User,3624
2,App\User,3640
2,App\User,3647
2,App\User,3650
2,App\User,3670
2,App\User,3673
2,App\User,3676
2,App\User,3677
2,App\User,3681
2,App\User,3683
2,App\User,3687
2,App\User,3688
2,App\User,3689
2,App\User,3692
2,App\User,3693
2,App\User,3694
2,App\User,3695
2,App\User,3706
2,App\User,3711
2,App\User,3718
2,App\User,3719
2,App\User,3724
2,App\User,3726
2,App\User,3727
2,App\User,3735
2,App\User,3746
2,App\User,3768
2,App\User,3773
2,App\User,3778
2,App\User,3781
2,App\User,3787
2,App\User,3877
2,App\User,3900
2,App\User,3956
2,App\User,3959
2,App\User,3961
2,App\User,3974
2,App\User,3975
2,App\User,3976
2,App\User,3988
2,App\User,4011
2,App\User,4025
2,App\User,4038
2,App\User,4068
2,App\User,4124
2,App\User,4125
2,App\User,4149
2,App\User,4185
2,App\User,4188
2,App\User,4323
2,App\User,4384
2,App\User,4411
2,App\User,4431
2,App\User,4436
2,App\User,4469
2,App\User,4470
2,App\User,4474
2,App\User,4477
2,App\User,4478
2,App\User,4480
2,App\User,4483
2,App\User,4488
2,App\User,4511
2,App\User,4551
2,App\User,4552
2,App\User,4553
2,App\User,4650
2,App\User,4774
2,App\User,4776
2,App\User,4777
2,App\User,4855
2,App\User,4857
2,App\User,4945
2,App\User,4966
2,App\User,4971
2,App\User,4976
2,App\User,5013
2,App\User,5014
2,App\User,5086
2,App\User,5098
2,App\User,5124
2,App\User,5145
2,App\User,5316
2,App\User,5323
2,App\User,5468
2,App\User,5552
2,App\User,5560
2,App\User,5598
2,App\User,5625
2,App\User,5734
2,App\User,5760
2,App\User,5799
2,App\User,5889
2,App\User,5956
2,App\User,6023
2,App\User,6035
2,App\User,6037
2,App\User,6096
2,App\User,6192
2,App\User,6242
2,App\User,6314
2,App\User,6388
2,App\User,6644
2,App\User,6645
2,App\User,6803
2,App\User,6816
2,App\User,6962
2,App\User,6999
2,App\User,7008
2,App\User,7158
2,App\User,7159
2,App\User,7173
2,App\User,7318
2,App\User,7319
2,App\User,7497
2,App\User,7646
2,App\User,7667
2,App\User,7683
2,App\User,7791
2,App\User,7956
2,App\User,7971
2,App\User,7973
2,App\User,8040
2,App\User,8176
2,App\User,8461
2,App\User,8670
2,App\User,8709
2,App\User,8752
2,App\User,8754
2,App\User,8755
2,App\User,8775
2,App\User,8812
2,App\User,8818
2,App\User,8819
2,App\User,9214
2,App\User,9305
2,App\User,9439
2,App\User,9534
2,App\User,9764
2,App\User,9885
2,App\User,10009
2,App\User,10264
2,App\User,10281
2,App\User,10567
2,App\User,10647
2,App\User,10836
2,App\User,11021
2,App\User,11065
2,App\User,11149
2,App\User,11404
2,App\User,11483
2,App\User,11598
2,App\User,11863
2,App\User,11875
2,App\User,11903
2,App\User,12135
2,App\User,12177
2,App\User,12184
2,App\User,12428
2,App\User,12429
2,App\User,12827
2,App\User,12859
2,App\User,12967
2,App\User,13138
2,App\User,13139
2,App\User,13195
2,App\User,13198
2,App\User,13596
2,App\User,13597
2,App\User,13633
2,App\User,13846
2,App\User,13851
2,App\User,13963
2,App\User,14195
2,App\User,14306
2,App\User,14424
2,App\User,14427
2,App\User,14454
2,App\User,14554
2,App\User,14779
2,App\User,14780
2,App\User,14781
2,App\User,14782
2,App\User,14798
2,App\User,14800
2,App\User,14819
2,App\User,14837
2,App\User,14860
2,App\User,14896
2,App\User,14906
2,App\User,14911
2,App\User,14920
2,App\User,14926
2,App\User,14940
2,App\User,14962
2,App\User,15037
2,App\User,15076
2,App\User,15114
2,App\User,15135
2,App\User,15193
2,App\User,15222
2,App\User,15233
2,App\User,15305
2,App\User,15396
2,App\User,15475
2,App\User,15516
2,App\User,15519
2,App\User,15881
2,App\User,15999
2,App\User,16487
2,App\User,16546
2,App\User,16641
2,App\User,16823
2,App\User,16835
2,App\User,17010
2,App\User,17262
2,App\User,17324
2,App\User,17584
2,App\User,17587
2,App\User,17609
2,App\User,17702
2,App\User,17766
2,App\User,17894
2,App\User,18058
2,App\User,18185
2,App\User,18218
2,App\User,18220
2,App\User,18224
2,App\User,18299
2,App\User,18338
2,App\User,18384
2,App\User,18392
2,App\User,18411
2,App\User,18470
